,Aug8,Aug15,Aug27,Sept7,Sept11,Sept12,Sept17,Sept21,Sept24
Negative,0.06954,0.08491,0.06187,0.08553,0.06604,0.0489,0.07017,0.08458,0.06849
Positive,0.1047,0.07952,0.08282,0.09365,0.09905,0.07166,0.10017,0.1363,0.1161
